{
    "train_loss": [
        0.3872090893069272,
        0.1961723207859766,
        0.14265777128398735,
        0.11795682545061464,
        0.10566365309177883,
        0.09186993568977982,
        0.08997377661327836,
        0.08661574657395403,
        0.07588986128805175,
        0.07224840247678378
    ],
    "train_acc": [
        0.8822222222222222,
        0.9382539682539682,
        0.9548148148148148,
        0.9611640211640211,
        0.9661904761904762,
        0.9687830687830687,
        0.9696825396825397,
        0.9710582010582011,
        0.9751851851851852,
        0.9747089947089947
    ],
    "val_loss": [
        0.147001270328039,
        0.11437861625611047,
        0.0821516797663989,
        0.07818480335635904,
        0.08236501076339203,
        0.11266960451448406,
        0.0708522745732356,
        0.07417868244795152,
        0.08203385045131048,
        0.07432583848175443
    ],
    "val_acc": [
        0.9491358024691358,
        0.9637037037037037,
        0.9711111111111111,
        0.9772839506172839,
        0.9720987654320987,
        0.9649382716049383,
        0.980246913580247,
        0.9733333333333334,
        0.9720987654320987,
        0.9760493827160494
    ]
}