{
    "model": "efficientnet_b0_transfer",
    "test_accuracy": 0.977037037037037,
    "macro_f1": 0.9766225775239963,
    "weighted_f1": 0.977031961971077
}