{
    "train_loss": [
        0.44642952492628146,
        0.27247153349023645,
        0.22324905488856886,
        0.19309307070636245,
        0.20162025298864122,
        0.15707022312062757,
        0.1520733287094762,
        0.14406566312231084,
        0.13734909659971006,
        0.12908091034208025
    ],
    "train_acc": [
        0.8576190476190476,
        0.9111111111111111,
        0.9277777777777778,
        0.9357142857142857,
        0.9341798941798942,
        0.9453968253968253,
        0.9488359788359788,
        0.9541798941798941,
        0.9540740740740741,
        0.9573015873015873
    ],
    "val_loss": [
        0.5894296086864707,
        0.2536657042267882,
        0.20535815520786946,
        1.4619402903686336,
        0.245895016576037,
        0.4023778297871719,
        0.20928905562118247,
        0.1643664093444377,
        0.14738720501278654,
        0.1378878912219295
    ],
    "val_acc": [
        0.8269135802469135,
        0.9128395061728395,
        0.9301234567901234,
        0.8019753086419753,
        0.917037037037037,
        0.8772839506172839,
        0.9382716049382716,
        0.9476543209876543,
        0.9533333333333334,
        0.9533333333333334
    ]
}