{
    "train_loss": [
        1.4040068104910473,
        1.0349718561878911,
        0.9133543514322352,
        0.8362442859140022,
        0.7865064299169672,
        0.7597247660727728,
        0.716789310249702,
        0.6811119475692669,
        0.6401606637838656,
        0.614059605245237,
        0.5903022809886428,
        0.5677586153953794,
        0.543081243113866,
        0.5169760779476671,
        0.5008961957220047,
        0.48743201419789955,
        0.47041586402232055,
        0.4495517447259691,
        0.43778790873194495,
        0.424452351880452,
        0.4046905592005089,
        0.4016448063825173,
        0.3914347959573937,
        0.3724120877028773,
        0.36818363505696494,
        0.36115674626890315,
        0.35430333095883565,
        0.3457567000105268,
        0.3424647829835377,
        0.3267842302908973
    ],
    "train_acc": [
        0.4964021164021164,
        0.6357142857142857,
        0.674074074074074,
        0.7057671957671958,
        0.7233862433862434,
        0.7376719576719577,
        0.7489417989417989,
        0.7626455026455027,
        0.7746560846560847,
        0.7916402116402116,
        0.8005291005291005,
        0.8086772486772487,
        0.818941798941799,
        0.825925925925926,
        0.832962962962963,
        0.838042328042328,
        0.8431746031746031,
        0.8501058201058201,
        0.8503703703703703,
        0.8565608465608465,
        0.8657671957671957,
        0.866984126984127,
        0.865978835978836,
        0.8770370370370371,
        0.8767195767195767,
        0.8792063492063492,
        0.8804761904761905,
        0.8848148148148148,
        0.886084656084656,
        0.8905291005291005
    ],
    "val_loss": [
        0.9126959547878783,
        0.6749532904448332,
        0.6324369180055313,
        0.537716608621456,
        0.5969993035881608,
        0.4709830743442347,
        0.44231897463033226,
        0.45166664756374597,
        0.4149866407999286,
        0.3937568767939085,
        0.38011336547724994,
        0.36612462126914364,
        0.3051290951098925,
        0.28453145958391235,
        0.2647111241537848,
        0.3073693946187879,
        0.26265626082449783,
        0.2445283911312804,
        0.22445004886315192,
        0.22256849327297124,
        0.21611601700293429,
        0.21268860088638317,
        0.20178088348496842,
        0.1997883649519932,
        0.2103051870399051,
        0.1941160105674723,
        0.19153382641665728,
        0.2160666202036319,
        0.20595565837106586,
        0.19832736222556344
    ],
    "val_acc": [
        0.674320987654321,
        0.7538271604938271,
        0.7718518518518519,
        0.8148148148148148,
        0.7864197530864198,
        0.8439506172839506,
        0.8488888888888889,
        0.8441975308641976,
        0.8572839506172839,
        0.8590123456790123,
        0.8711111111111111,
        0.8745679012345678,
        0.8995061728395062,
        0.9066666666666666,
        0.9098765432098765,
        0.8960493827160494,
        0.9111111111111111,
        0.9130864197530865,
        0.9261728395061728,
        0.9296296296296296,
        0.9261728395061728,
        0.9276543209876543,
        0.931604938271605,
        0.9348148148148148,
        0.931604938271605,
        0.9355555555555556,
        0.9365432098765432,
        0.931604938271605,
        0.9338271604938272,
        0.9318518518518518
    ]
}