{
    "model": "simple_cnn",
    "test_accuracy": 0.9358024691358025,
    "macro_f1": 0.9351049851776951,
    "weighted_f1": 0.9355145043936246
}